Date,Product,Week_Number,Demand,Promotion,Price
2024-01-07,Product_001,0,214.0,0,109
2024-01-07,Product_002,0,443.0,0,89
2024-01-07,Product_003,0,443.0,1,109
2024-01-07,Product_004,0,197.0,0,99
2024-01-07,Product_005,0,142.0,0,99
2024-01-07,Product_006,0,259.0,0,99
2024-01-07,Product_007,0,105.0,0,99
2024-01-07,Product_008,0,144.0,0,79
2024-01-07,Product_009,0,167.0,0,79
2024-01-07,Product_010,0,368.0,1,119
2024-01-14,Product_001,1,165.0,0,89
2024-01-14,Product_002,1,443.0,0,109
2024-01-14,Product_003,1,441.0,1,109
2024-01-14,Product_004,1,161.0,0,79
2024-01-14,Product_005,1,238.0,1,109
2024-01-14,Product_006,1,269.0,0,79
2024-01-14,Product_007,1,103.0,0,119
2024-01-14,Product_008,1,204.0,1,89
2024-01-14,Product_009,1,194.0,0,119
2024-01-14,Product_010,1,302.0,0,99
2024-01-21,Product_001,2,166.0,0,99
2024-01-21,Product_002,2,453.0,0,99
2024-01-21,Product_003,2,352.0,0,119
2024-01-21,Product_004,2,188.0,0,109
2024-01-21,Product_005,2,188.0,1,89
2024-01-21,Product_006,2,316.0,0,99
2024-01-21,Product_007,2,104.0,0,99
2024-01-21,Product_008,2,168.0,0,99
2024-01-21,Product_009,2,225.0,0,89
2024-01-21,Product_010,2,281.0,0,99
2024-01-28,Product_001,3,256.0,1,89
2024-01-28,Product_002,3,414.0,0,99
2024-01-28,Product_003,3,344.0,0,119
2024-01-28,Product_004,3,201.0,0,119
2024-01-28,Product_005,3,175.0,0,89
2024-01-28,Product_006,3,287.0,0,119
2024-01-28,Product_007,3,104.0,0,89
2024-01-28,Product_008,3,187.0,0,119
2024-01-28,Product_009,3,183.0,0,119
2024-01-28,Product_010,3,297.0,0,89
2024-02-04,Product_001,4,187.0,0,109
2024-02-04,Product_002,4,483.0,0,119
2024-02-04,Product_003,4,384.0,0,99
2024-02-04,Product_004,4,165.0,0,109
2024-02-04,Product_005,4,169.0,0,89
2024-02-04,Product_006,4,281.0,0,109
2024-02-04,Product_007,4,94.0,0,79
2024-02-04,Product_008,4,208.0,0,79
2024-02-04,Product_009,4,237.0,0,119
2024-02-04,Product_010,4,336.0,0,119
2024-02-11,Product_001,5,183.0,0,99
2024-02-11,Product_002,5,602.0,1,109
2024-02-11,Product_003,5,390.0,0,79
2024-02-11,Product_004,5,223.0,0,119
2024-02-11,Product_005,5,156.0,0,109
2024-02-11,Product_006,5,290.0,0,119
2024-02-11,Product_007,5,87.0,0,119
2024-02-11,Product_008,5,229.0,1,79
2024-02-11,Product_009,5,237.0,0,79
2024-02-11,Product_010,5,349.0,0,119
2024-02-18,Product_001,6,201.0,0,89
2024-02-18,Product_002,6,645.0,1,119
2024-02-18,Product_003,6,397.0,0,119
2024-02-18,Product_004,6,194.0,0,99
2024-02-18,Product_005,6,175.0,0,99
2024-02-18,Product_006,6,329.0,0,99
2024-02-18,Product_007,6,144.0,1,89
2024-02-18,Product_008,6,304.0,1,89
2024-02-18,Product_009,6,171.0,0,119
2024-02-18,Product_010,6,447.0,1,99
2024-02-25,Product_001,7,207.0,0,89
2024-02-25,Product_002,7,620.0,1,79
2024-02-25,Product_003,7,397.0,0,119
2024-02-25,Product_004,7,170.0,0,109
2024-02-25,Product_005,7,166.0,0,119
2024-02-25,Product_006,7,309.0,0,109
2024-02-25,Product_007,7,142.0,0,99
2024-02-25,Product_008,7,195.0,0,109
2024-02-25,Product_009,7,211.0,0,99
2024-02-25,Product_010,7,322.0,0,79
2024-03-03,Product_001,8,226.0,0,109
2024-03-03,Product_002,8,495.0,0,119
2024-03-03,Product_003,8,506.0,1,99
2024-03-03,Product_004,8,223.0,0,119
2024-03-03,Product_005,8,174.0,0,89
2024-03-03,Product_006,8,325.0,0,99
2024-03-03,Product_007,8,130.0,1,109
2024-03-03,Product_008,8,201.0,0,99
2024-03-03,Product_009,8,222.0,0,119
2024-03-03,Product_010,8,306.0,0,79
2024-03-10,Product_001,9,281.0,1,99
2024-03-10,Product_002,9,499.0,0,109
2024-03-10,Product_003,9,404.0,0,89
2024-03-10,Product_004,9,210.0,0,79
2024-03-10,Product_005,9,190.0,1,89
2024-03-10,Product_006,9,301.0,0,99
2024-03-10,Product_007,9,108.0,0,119
2024-03-10,Product_008,9,252.0,1,119
2024-03-10,Product_009,9,229.0,0,109
2024-03-10,Product_010,9,347.0,0,119
2024-03-17,Product_001,10,249.0,0,79
2024-03-17,Product_002,10,501.0,0,119
2024-03-17,Product_003,10,412.0,0,109
2024-03-17,Product_004,10,215.0,0,99
2024-03-17,Product_005,10,137.0,0,99
2024-03-17,Product_006,10,311.0,0,119
2024-03-17,Product_007,10,153.0,1,89
2024-03-17,Product_008,10,261.0,0,99
2024-03-17,Product_009,10,299.0,1,119
2024-03-17,Product_010,10,348.0,0,109
2024-03-24,Product_001,11,276.0,1,119
2024-03-24,Product_002,11,478.0,0,99
2024-03-24,Product_003,11,433.0,0,109
2024-03-24,Product_004,11,233.0,0,119
2024-03-24,Product_005,11,251.0,1,79
2024-03-24,Product_006,11,296.0,0,109
2024-03-24,Product_007,11,145.0,0,79
2024-03-24,Product_008,11,185.0,0,89
2024-03-24,Product_009,11,247.0,0,109
2024-03-24,Product_010,11,388.0,0,79
2024-03-31,Product_001,12,194.0,0,99
2024-03-31,Product_002,12,492.0,0,99
2024-03-31,Product_003,12,414.0,0,89
2024-03-31,Product_004,12,209.0,0,109
2024-03-31,Product_005,12,147.0,0,109
2024-03-31,Product_006,12,317.0,0,109
2024-03-31,Product_007,12,96.0,0,89
2024-03-31,Product_008,12,224.0,0,109
2024-03-31,Product_009,12,218.0,0,99
2024-03-31,Product_010,12,377.0,0,79
2024-04-07,Product_001,13,199.0,0,99
2024-04-07,Product_002,13,499.0,0,99
2024-04-07,Product_003,13,429.0,0,79
2024-04-07,Product_004,13,195.0,0,99
2024-04-07,Product_005,13,183.0,0,89
2024-04-07,Product_006,13,342.0,0,79
2024-04-07,Product_007,13,86.0,0,99
2024-04-07,Product_008,13,218.0,0,119
2024-04-07,Product_009,13,242.0,0,99
2024-04-07,Product_010,13,363.0,0,89
2024-04-14,Product_001,14,190.0,0,109
2024-04-14,Product_002,14,623.0,1,99
2024-04-14,Product_003,14,424.0,0,109
2024-04-14,Product_004,14,226.0,0,119
2024-04-14,Product_005,14,183.0,0,99
2024-04-14,Product_006,14,323.0,0,79
2024-04-14,Product_007,14,105.0,0,109
2024-04-14,Product_008,14,220.0,0,119
2024-04-14,Product_009,14,243.0,0,79
2024-04-14,Product_010,14,333.0,0,79
2024-04-21,Product_001,15,252.0,0,79
2024-04-21,Product_002,15,515.0,0,79
2024-04-21,Product_003,15,389.0,0,99
2024-04-21,Product_004,15,233.0,0,99
2024-04-21,Product_005,15,207.0,1,99
2024-04-21,Product_006,15,332.0,0,119
2024-04-21,Product_007,15,141.0,0,119
2024-04-21,Product_008,15,198.0,0,119
2024-04-21,Product_009,15,256.0,0,89
2024-04-21,Product_010,15,462.0,1,119
2024-04-28,Product_001,16,231.0,0,99
2024-04-28,Product_002,16,705.0,1,99
2024-04-28,Product_003,16,407.0,0,89
2024-04-28,Product_004,16,265.0,1,89
2024-04-28,Product_005,16,160.0,0,119
2024-04-28,Product_006,16,299.0,0,109
2024-04-28,Product_007,16,116.0,0,89
2024-04-28,Product_008,16,221.0,0,79
2024-04-28,Product_009,16,242.0,0,99
2024-04-28,Product_010,16,363.0,0,79
2024-05-05,Product_001,17,213.0,0,99
2024-05-05,Product_002,17,530.0,0,99
2024-05-05,Product_003,17,405.0,0,89
2024-05-05,Product_004,17,272.0,0,89
2024-05-05,Product_005,17,189.0,0,79
2024-05-05,Product_006,17,297.0,0,99
2024-05-05,Product_007,17,96.0,0,79
2024-05-05,Product_008,17,223.0,0,109
2024-05-05,Product_009,17,231.0,0,79
2024-05-05,Product_010,17,359.0,0,119
2024-05-12,Product_001,18,221.0,0,79
2024-05-12,Product_002,18,497.0,0,119
2024-05-12,Product_003,18,390.0,0,119
2024-05-12,Product_004,18,186.0,0,119
2024-05-12,Product_005,18,167.0,0,109
2024-05-12,Product_006,18,329.0,0,79
2024-05-12,Product_007,18,157.0,1,79
2024-05-12,Product_008,18,187.0,0,109
2024-05-12,Product_009,18,237.0,0,99
2024-05-12,Product_010,18,350.0,0,89
2024-05-19,Product_001,19,192.0,0,79
2024-05-19,Product_002,19,497.0,0,89
2024-05-19,Product_003,19,526.0,1,109
2024-05-19,Product_004,19,192.0,0,99
2024-05-19,Product_005,19,181.0,0,99
2024-05-19,Product_006,19,417.0,1,99
2024-05-19,Product_007,19,137.0,0,109
2024-05-19,Product_008,19,231.0,0,119
2024-05-19,Product_009,19,205.0,0,119
2024-05-19,Product_010,19,321.0,0,89
2024-05-26,Product_001,20,218.0,0,119
2024-05-26,Product_002,20,650.0,1,119
2024-05-26,Product_003,20,411.0,0,99
2024-05-26,Product_004,20,290.0,0,99
2024-05-26,Product_005,20,184.0,0,89
2024-05-26,Product_006,20,329.0,0,79
2024-05-26,Product_007,20,133.0,0,89
2024-05-26,Product_008,20,221.0,0,89
2024-05-26,Product_009,20,224.0,0,109
2024-05-26,Product_010,20,351.0,0,109
2024-06-02,Product_001,21,190.0,0,89
2024-06-02,Product_002,21,479.0,0,89
2024-06-02,Product_003,21,386.0,0,89
2024-06-02,Product_004,21,212.0,0,119
2024-06-02,Product_005,21,217.0,0,109
2024-06-02,Product_006,21,346.0,1,89
2024-06-02,Product_007,21,127.0,0,99
2024-06-02,Product_008,21,174.0,0,99
2024-06-02,Product_009,21,218.0,0,119
2024-06-02,Product_010,21,354.0,0,119
2024-06-09,Product_001,22,205.0,0,79
2024-06-09,Product_002,22,456.0,0,79
2024-06-09,Product_003,22,377.0,0,79
2024-06-09,Product_004,22,221.0,0,119
2024-06-09,Product_005,22,154.0,0,119
2024-06-09,Product_006,22,304.0,0,119
2024-06-09,Product_007,22,147.0,1,99
2024-06-09,Product_008,22,190.0,0,119
2024-06-09,Product_009,22,267.0,0,99
2024-06-09,Product_010,22,341.0,0,79
2024-06-16,Product_001,23,160.0,0,79
2024-06-16,Product_002,23,475.0,0,79
2024-06-16,Product_003,23,372.0,0,89
2024-06-16,Product_004,23,289.0,1,89
2024-06-16,Product_005,23,150.0,0,109
2024-06-16,Product_006,23,293.0,0,109
2024-06-16,Product_007,23,120.0,0,109
2024-06-16,Product_008,23,218.0,0,89
2024-06-16,Product_009,23,197.0,0,89
2024-06-16,Product_010,23,317.0,0,109
2024-06-23,Product_001,24,188.0,0,109
2024-06-23,Product_002,24,588.0,1,119
2024-06-23,Product_003,24,415.0,0,109
2024-06-23,Product_004,24,210.0,0,119
2024-06-23,Product_005,24,139.0,0,99
2024-06-23,Product_006,24,309.0,0,89
2024-06-23,Product_007,24,151.0,0,109
2024-06-23,Product_008,24,218.0,0,89
2024-06-23,Product_009,24,188.0,0,89
2024-06-23,Product_010,24,309.0,0,89
2024-06-30,Product_001,25,220.0,0,99
2024-06-30,Product_002,25,443.0,0,79
2024-06-30,Product_003,25,498.0,1,109
2024-06-30,Product_004,25,214.0,0,79
2024-06-30,Product_005,25,143.0,0,79
2024-06-30,Product_006,25,285.0,0,79
2024-06-30,Product_007,25,42.0,0,89
2024-06-30,Product_008,25,174.0,0,119
2024-06-30,Product_009,25,273.0,1,89
2024-06-30,Product_010,25,289.0,0,89
2024-07-07,Product_001,26,224.0,0,79
2024-07-07,Product_002,26,422.0,0,89
2024-07-07,Product_003,26,359.0,0,79
2024-07-07,Product_004,26,198.0,0,119
2024-07-07,Product_005,26,188.0,0,109
2024-07-07,Product_006,26,329.0,1,79
2024-07-07,Product_007,26,128.0,0,119
2024-07-07,Product_008,26,192.0,0,109
2024-07-07,Product_009,26,192.0,0,99
2024-07-07,Product_010,26,319.0,0,79
2024-07-14,Product_001,27,192.0,0,79
2024-07-14,Product_002,27,431.0,0,99
2024-07-14,Product_003,27,364.0,0,99
2024-07-14,Product_004,27,185.0,0,79
2024-07-14,Product_005,27,159.0,0,99
2024-07-14,Product_006,27,291.0,0,89
2024-07-14,Product_007,27,176.0,1,109
2024-07-14,Product_008,27,164.0,0,109
2024-07-14,Product_009,27,251.0,0,109
2024-07-14,Product_010,27,265.0,0,89
2024-07-21,Product_001,28,237.0,1,99
2024-07-21,Product_002,28,582.0,1,119
2024-07-21,Product_003,28,362.0,0,99
2024-07-21,Product_004,28,177.0,0,79
2024-07-21,Product_005,28,150.0,0,109
2024-07-21,Product_006,28,263.0,0,99
2024-07-21,Product_007,28,90.0,0,119
2024-07-21,Product_008,28,202.0,0,79
2024-07-21,Product_009,28,212.0,0,89
2024-07-21,Product_010,28,285.0,0,89
2024-07-28,Product_001,29,200.0,0,119
2024-07-28,Product_002,29,435.0,0,79
2024-07-28,Product_003,29,367.0,0,109
2024-07-28,Product_004,29,199.0,0,99
2024-07-28,Product_005,29,135.0,0,79
2024-07-28,Product_006,29,257.0,0,89
2024-07-28,Product_007,29,115.0,0,119
2024-07-28,Product_008,29,254.0,1,119
2024-07-28,Product_009,29,201.0,0,99
2024-07-28,Product_010,29,297.0,0,119
2024-08-04,Product_001,30,205.0,0,119
2024-08-04,Product_002,30,410.0,0,79
2024-08-04,Product_003,30,356.0,0,109
2024-08-04,Product_004,30,179.0,0,99
2024-08-04,Product_005,30,188.0,1,79
2024-08-04,Product_006,30,286.0,0,109
2024-08-04,Product_007,30,150.0,1,79
2024-08-04,Product_008,30,255.0,1,79
2024-08-04,Product_009,30,224.0,0,119
2024-08-04,Product_010,30,377.0,1,109
2024-08-11,Product_001,31,190.0,0,99
2024-08-11,Product_002,31,410.0,0,99
2024-08-11,Product_003,31,347.0,0,109
2024-08-11,Product_004,31,231.0,1,119
2024-08-11,Product_005,31,194.0,1,89
2024-08-11,Product_006,31,272.0,0,79
2024-08-11,Product_007,31,81.0,0,119
2024-08-11,Product_008,31,219.0,0,109
2024-08-11,Product_009,31,175.0,0,79
2024-08-11,Product_010,31,261.0,0,99
2024-08-18,Product_001,32,198.0,0,89
2024-08-18,Product_002,32,426.0,0,99
2024-08-18,Product_003,32,348.0,0,109
2024-08-18,Product_004,32,248.0,1,79
2024-08-18,Product_005,32,144.0,0,109
2024-08-18,Product_006,32,239.0,0,79
2024-08-18,Product_007,32,97.0,0,119
2024-08-18,Product_008,32,209.0,1,89
2024-08-18,Product_009,32,276.0,1,119
2024-08-18,Product_010,32,279.0,0,119
2024-08-25,Product_001,33,156.0,0,109
2024-08-25,Product_002,33,399.0,0,89
2024-08-25,Product_003,33,339.0,0,79
2024-08-25,Product_004,33,165.0,0,79
2024-08-25,Product_005,33,126.0,0,99
2024-08-25,Product_006,33,258.0,0,79
2024-08-25,Product_007,33,100.0,0,109
2024-08-25,Product_008,33,162.0,0,119
2024-08-25,Product_009,33,181.0,0,119
2024-08-25,Product_010,33,283.0,0,119
2024-09-01,Product_001,34,183.0,1,89
2024-09-01,Product_002,34,373.0,0,79
2024-09-01,Product_003,34,407.0,1,109
2024-09-01,Product_004,34,170.0,0,89
2024-09-01,Product_005,34,148.0,0,99
2024-09-01,Product_006,34,280.0,0,109
2024-09-01,Product_007,34,111.0,0,109
2024-09-01,Product_008,34,167.0,0,109
2024-09-01,Product_009,34,188.0,0,119
2024-09-01,Product_010,34,255.0,0,109
2024-09-08,Product_001,35,169.0,0,79
2024-09-08,Product_002,35,391.0,0,109
2024-09-08,Product_003,35,331.0,0,119
2024-09-08,Product_004,35,156.0,0,109
2024-09-08,Product_005,35,150.0,0,99
2024-09-08,Product_006,35,279.0,0,99
2024-09-08,Product_007,35,91.0,0,119
2024-09-08,Product_008,35,230.0,1,79
2024-09-08,Product_009,35,200.0,0,79
2024-09-08,Product_010,35,265.0,0,89
2024-09-15,Product_001,36,224.0,1,119
2024-09-15,Product_002,36,395.0,0,109
2024-09-15,Product_003,36,325.0,0,119
2024-09-15,Product_004,36,156.0,0,89
2024-09-15,Product_005,36,140.0,0,119
2024-09-15,Product_006,36,257.0,0,119
2024-09-15,Product_007,36,121.0,0,89
2024-09-15,Product_008,36,187.0,0,79
2024-09-15,Product_009,36,228.0,0,109
2024-09-15,Product_010,36,333.0,1,89
2024-09-22,Product_001,37,184.0,0,99
2024-09-22,Product_002,37,396.0,0,79
2024-09-22,Product_003,37,365.0,0,99
2024-09-22,Product_004,37,155.0,0,79
2024-09-22,Product_005,37,122.0,0,109
2024-09-22,Product_006,37,234.0,0,109
2024-09-22,Product_007,37,49.0,0,119
2024-09-22,Product_008,37,203.0,1,99
2024-09-22,Product_009,37,169.0,0,79
2024-09-22,Product_010,37,273.0,0,109
2024-09-29,Product_001,38,174.0,0,89
2024-09-29,Product_002,38,429.0,0,109
2024-09-29,Product_003,38,340.0,0,89
2024-09-29,Product_004,38,159.0,0,79
2024-09-29,Product_005,38,120.0,0,109
2024-09-29,Product_006,38,255.0,0,109
2024-09-29,Product_007,38,65.0,0,79
2024-09-29,Product_008,38,203.0,0,109
2024-09-29,Product_009,38,208.0,0,89
2024-09-29,Product_010,38,260.0,0,109
2024-10-06,Product_001,39,133.0,0,99
2024-10-06,Product_002,39,419.0,0,119
2024-10-06,Product_003,39,318.0,0,89
2024-10-06,Product_004,39,195.0,0,99
2024-10-06,Product_005,39,106.0,0,79
2024-10-06,Product_006,39,234.0,0,89
2024-10-06,Product_007,39,120.0,1,119
2024-10-06,Product_008,39,168.0,0,119
2024-10-06,Product_009,39,228.0,1,79
2024-10-06,Product_010,39,282.0,0,79
2024-10-13,Product_001,40,146.0,0,89
2024-10-13,Product_002,40,391.0,0,109
2024-10-13,Product_003,40,324.0,0,79
2024-10-13,Product_004,40,181.0,0,109
2024-10-13,Product_005,40,153.0,0,99
2024-10-13,Product_006,40,224.0,0,119
2024-10-13,Product_007,40,61.0,0,109
2024-10-13,Product_008,40,193.0,0,119
2024-10-13,Product_009,40,191.0,0,109
2024-10-13,Product_010,40,255.0,0,99
2024-10-20,Product_001,41,199.0,0,79
2024-10-20,Product_002,41,398.0,0,99
2024-10-20,Product_003,41,347.0,0,79
2024-10-20,Product_004,41,173.0,0,79
2024-10-20,Product_005,41,235.0,1,119
2024-10-20,Product_006,41,368.0,1,99
2024-10-20,Product_007,41,87.0,0,109
2024-10-20,Product_008,41,188.0,0,99
2024-10-20,Product_009,41,199.0,0,119
2024-10-20,Product_010,41,299.0,0,79
2024-10-27,Product_001,42,150.0,0,119
2024-10-27,Product_002,42,413.0,0,89
2024-10-27,Product_003,42,347.0,0,89
2024-10-27,Product_004,42,179.0,1,109
2024-10-27,Product_005,42,117.0,0,119
2024-10-27,Product_006,42,209.0,0,109
2024-10-27,Product_007,42,88.0,0,109
2024-10-27,Product_008,42,239.0,1,89
2024-10-27,Product_009,42,217.0,0,109
2024-10-27,Product_010,42,275.0,0,89
2024-11-03,Product_001,43,204.0,0,79
2024-11-03,Product_002,43,375.0,0,119
2024-11-03,Product_003,43,296.0,0,109
2024-11-03,Product_004,43,174.0,0,89
2024-11-03,Product_005,43,150.0,0,99
2024-11-03,Product_006,43,252.0,0,109
2024-11-03,Product_007,43,53.0,0,79
2024-11-03,Product_008,43,170.0,0,79
2024-11-03,Product_009,43,163.0,0,99
2024-11-03,Product_010,43,290.0,0,89
2024-11-10,Product_001,44,181.0,0,109
2024-11-10,Product_002,44,389.0,0,89
2024-11-10,Product_003,44,421.0,1,79
2024-11-10,Product_004,44,156.0,0,89
2024-11-10,Product_005,44,143.0,0,79
2024-11-10,Product_006,44,275.0,0,89
2024-11-10,Product_007,44,76.0,0,99
2024-11-10,Product_008,44,184.0,0,119
2024-11-10,Product_009,44,181.0,0,99
2024-11-10,Product_010,44,265.0,0,99
2024-11-17,Product_001,45,174.0,0,119
2024-11-17,Product_002,45,393.0,0,119
2024-11-17,Product_003,45,328.0,0,109
2024-11-17,Product_004,45,156.0,0,109
2024-11-17,Product_005,45,185.0,0,99
2024-11-17,Product_006,45,260.0,0,99
2024-11-17,Product_007,45,83.0,0,79
2024-11-17,Product_008,45,234.0,1,79
2024-11-17,Product_009,45,192.0,0,109
2024-11-17,Product_010,45,280.0,0,109
2024-11-24,Product_001,46,191.0,0,79
2024-11-24,Product_002,46,436.0,0,79
2024-11-24,Product_003,46,334.0,0,89
2024-11-24,Product_004,46,171.0,0,89
2024-11-24,Product_005,46,143.0,0,79
2024-11-24,Product_006,46,218.0,0,89
2024-11-24,Product_007,46,68.0,0,119
2024-11-24,Product_008,46,206.0,0,109
2024-11-24,Product_009,46,231.0,0,109
2024-11-24,Product_010,46,369.0,1,79
2024-12-01,Product_001,47,194.0,0,99
2024-12-01,Product_002,47,435.0,0,79
2024-12-01,Product_003,47,536.0,1,89
2024-12-01,Product_004,47,209.0,0,99
2024-12-01,Product_005,47,149.0,0,89
2024-12-01,Product_006,47,249.0,0,119
2024-12-01,Product_007,47,68.0,0,89
2024-12-01,Product_008,47,186.0,0,119
2024-12-01,Product_009,47,186.0,0,119
2024-12-01,Product_010,47,266.0,0,89
2024-12-08,Product_001,48,225.0,1,89
2024-12-08,Product_002,48,415.0,0,119
2024-12-08,Product_003,48,391.0,0,99
2024-12-08,Product_004,48,207.0,0,119
2024-12-08,Product_005,48,154.0,0,109
2024-12-08,Product_006,48,303.0,0,119
2024-12-08,Product_007,48,135.0,1,99
2024-12-08,Product_008,48,168.0,0,109
2024-12-08,Product_009,48,235.0,0,79
2024-12-08,Product_010,48,311.0,0,79
2024-12-15,Product_001,49,218.0,1,99
2024-12-15,Product_002,49,441.0,0,119
2024-12-15,Product_003,49,346.0,0,89
2024-12-15,Product_004,49,166.0,0,99
2024-12-15,Product_005,49,229.0,1,109
2024-12-15,Product_006,49,317.0,0,109
2024-12-15,Product_007,49,99.0,1,79
2024-12-15,Product_008,49,200.0,0,109
2024-12-15,Product_009,49,196.0,0,99
2024-12-15,Product_010,49,296.0,0,109
2024-12-22,Product_001,50,181.0,0,99
2024-12-22,Product_002,50,437.0,0,89
2024-12-22,Product_003,50,372.0,0,79
2024-12-22,Product_004,50,181.0,0,109
2024-12-22,Product_005,50,166.0,0,99
2024-12-22,Product_006,50,283.0,0,119
2024-12-22,Product_007,50,131.0,1,79
2024-12-22,Product_008,50,228.0,1,89
2024-12-22,Product_009,50,202.0,0,99
2024-12-22,Product_010,50,327.0,0,89
2024-12-29,Product_001,51,207.0,0,89
2024-12-29,Product_002,51,444.0,0,109
2024-12-29,Product_003,51,381.0,0,109
2024-12-29,Product_004,51,216.0,0,99
2024-12-29,Product_005,51,130.0,0,119
2024-12-29,Product_006,51,301.0,0,99
2024-12-29,Product_007,51,95.0,0,119
2024-12-29,Product_008,51,208.0,0,89
2024-12-29,Product_009,51,202.0,0,79
2024-12-29,Product_010,51,282.0,0,99
2025-01-05,Product_001,52,168.0,0,99
2025-01-05,Product_002,52,473.0,0,119
2025-01-05,Product_003,52,392.0,0,89
2025-01-05,Product_004,52,243.0,1,89
2025-01-05,Product_005,52,179.0,0,119
2025-01-05,Product_006,52,263.0,0,89
2025-01-05,Product_007,52,109.0,0,109
2025-01-05,Product_008,52,177.0,0,79
2025-01-05,Product_009,52,209.0,0,99
2025-01-05,Product_010,52,326.0,0,79
2025-01-12,Product_001,53,188.0,0,99
2025-01-12,Product_002,53,616.0,1,109
2025-01-12,Product_003,53,414.0,0,89
2025-01-12,Product_004,53,198.0,0,119
2025-01-12,Product_005,53,187.0,0,109
2025-01-12,Product_006,53,279.0,0,79
2025-01-12,Product_007,53,123.0,0,119
2025-01-12,Product_008,53,234.0,0,89
2025-01-12,Product_009,53,177.0,0,109
2025-01-12,Product_010,53,315.0,0,119
2025-01-19,Product_001,54,220.0,0,109
2025-01-19,Product_002,54,487.0,0,109
2025-01-19,Product_003,54,409.0,0,89
2025-01-19,Product_004,54,201.0,0,99
2025-01-19,Product_005,54,175.0,0,119
2025-01-19,Product_006,54,304.0,0,89
2025-01-19,Product_007,54,138.0,0,109
2025-01-19,Product_008,54,214.0,0,89
2025-01-19,Product_009,54,308.0,1,99
2025-01-19,Product_010,54,329.0,0,119
2025-01-26,Product_001,55,203.0,0,99
2025-01-26,Product_002,55,492.0,0,79
2025-01-26,Product_003,55,417.0,0,119
2025-01-26,Product_004,55,272.0,1,99
2025-01-26,Product_005,55,237.0,1,109
2025-01-26,Product_006,55,355.0,0,119
2025-01-26,Product_007,55,134.0,0,119
2025-01-26,Product_008,55,206.0,0,89
2025-01-26,Product_009,55,337.0,1,109
2025-01-26,Product_010,55,336.0,0,79
2025-02-02,Product_001,56,176.0,0,99
2025-02-02,Product_002,56,489.0,0,89
2025-02-02,Product_003,56,379.0,0,99
2025-02-02,Product_004,56,214.0,0,79
2025-02-02,Product_005,56,180.0,0,79
2025-02-02,Product_006,56,352.0,0,119
2025-02-02,Product_007,56,125.0,0,79
2025-02-02,Product_008,56,212.0,0,99
2025-02-02,Product_009,56,256.0,0,109
2025-02-02,Product_010,56,305.0,0,109
2025-02-09,Product_001,57,225.0,0,119
2025-02-09,Product_002,57,533.0,0,99
2025-02-09,Product_003,57,394.0,0,99
2025-02-09,Product_004,57,248.0,0,79
2025-02-09,Product_005,57,189.0,0,99
2025-02-09,Product_006,57,316.0,0,89
2025-02-09,Product_007,57,134.0,0,79
2025-02-09,Product_008,57,265.0,0,89
2025-02-09,Product_009,57,247.0,0,119
2025-02-09,Product_010,57,360.0,0,109
2025-02-16,Product_001,58,214.0,0,119
2025-02-16,Product_002,58,508.0,0,109
2025-02-16,Product_003,58,446.0,0,119
2025-02-16,Product_004,58,211.0,0,99
2025-02-16,Product_005,58,187.0,0,89
2025-02-16,Product_006,58,319.0,0,109
2025-02-16,Product_007,58,132.0,0,79
2025-02-16,Product_008,58,230.0,0,89
2025-02-16,Product_009,58,267.0,0,79
2025-02-16,Product_010,58,351.0,0,89
2025-02-23,Product_001,59,221.0,0,89
2025-02-23,Product_002,59,513.0,0,119
2025-02-23,Product_003,59,426.0,0,109
2025-02-23,Product_004,59,239.0,0,109
2025-02-23,Product_005,59,203.0,0,89
2025-02-23,Product_006,59,315.0,0,99
2025-02-23,Product_007,59,185.0,1,99
2025-02-23,Product_008,59,329.0,1,79
2025-02-23,Product_009,59,258.0,0,79
2025-02-23,Product_010,59,403.0,0,119
2025-03-02,Product_001,60,214.0,0,89
2025-03-02,Product_002,60,514.0,0,79
2025-03-02,Product_003,60,405.0,0,79
2025-03-02,Product_004,60,264.0,0,89
2025-03-02,Product_005,60,203.0,0,119
2025-03-02,Product_006,60,336.0,0,79
2025-03-02,Product_007,60,131.0,0,119
2025-03-02,Product_008,60,206.0,0,109
2025-03-02,Product_009,60,302.0,0,119
2025-03-02,Product_010,60,373.0,0,99
2025-03-09,Product_001,61,234.0,0,99
2025-03-09,Product_002,61,559.0,0,119
2025-03-09,Product_003,61,454.0,0,99
2025-03-09,Product_004,61,241.0,0,109
2025-03-09,Product_005,61,176.0,0,89
2025-03-09,Product_006,61,350.0,0,99
2025-03-09,Product_007,61,165.0,0,99
2025-03-09,Product_008,61,335.0,1,119
2025-03-09,Product_009,61,287.0,0,109
2025-03-09,Product_010,61,363.0,0,89
2025-03-16,Product_001,62,277.0,1,119
2025-03-16,Product_002,62,546.0,0,119
2025-03-16,Product_003,62,450.0,0,109
2025-03-16,Product_004,62,260.0,0,89
2025-03-16,Product_005,62,160.0,0,109
2025-03-16,Product_006,62,374.0,0,89
2025-03-16,Product_007,62,125.0,0,109
2025-03-16,Product_008,62,225.0,0,119
2025-03-16,Product_009,62,237.0,0,119
2025-03-16,Product_010,62,344.0,0,79
2025-03-23,Product_001,63,251.0,0,99
2025-03-23,Product_002,63,554.0,0,109
2025-03-23,Product_003,63,426.0,0,79
2025-03-23,Product_004,63,214.0,0,99
2025-03-23,Product_005,63,188.0,0,109
2025-03-23,Product_006,63,379.0,0,89
2025-03-23,Product_007,63,124.0,0,99
2025-03-23,Product_008,63,205.0,0,119
2025-03-23,Product_009,63,330.0,1,79
2025-03-23,Product_010,63,374.0,0,99
2025-03-30,Product_001,64,182.0,0,99
2025-03-30,Product_002,64,554.0,0,119
2025-03-30,Product_003,64,449.0,0,109
2025-03-30,Product_004,64,255.0,0,89
2025-03-30,Product_005,64,303.0,1,119
2025-03-30,Product_006,64,370.0,0,89
2025-03-30,Product_007,64,124.0,0,109
2025-03-30,Product_008,64,214.0,0,99
2025-03-30,Product_009,64,312.0,0,89
2025-03-30,Product_010,64,382.0,0,79
2025-04-06,Product_001,65,237.0,0,79
2025-04-06,Product_002,65,556.0,0,119
2025-04-06,Product_003,65,459.0,0,109
2025-04-06,Product_004,65,239.0,0,119
2025-04-06,Product_005,65,240.0,1,119
2025-04-06,Product_006,65,337.0,0,119
2025-04-06,Product_007,65,129.0,0,79
2025-04-06,Product_008,65,226.0,0,79
2025-04-06,Product_009,65,247.0,0,119
2025-04-06,Product_010,65,499.0,1,79
2025-04-13,Product_001,66,232.0,0,109
2025-04-13,Product_002,66,587.0,0,119
2025-04-13,Product_003,66,523.0,1,79
2025-04-13,Product_004,66,264.0,0,89
2025-04-13,Product_005,66,287.0,1,119
2025-04-13,Product_006,66,307.0,0,119
2025-04-13,Product_007,66,123.0,0,109
2025-04-13,Product_008,66,229.0,0,99
2025-04-13,Product_009,66,233.0,0,99
2025-04-13,Product_010,66,477.0,1,109
2025-04-20,Product_001,67,214.0,0,109
2025-04-20,Product_002,67,591.0,0,109
2025-04-20,Product_003,67,473.0,0,99
2025-04-20,Product_004,67,267.0,0,109
2025-04-20,Product_005,67,211.0,0,79
2025-04-20,Product_006,67,424.0,1,119
2025-04-20,Product_007,67,119.0,0,119
2025-04-20,Product_008,67,246.0,0,89
2025-04-20,Product_009,67,237.0,0,89
2025-04-20,Product_010,67,396.0,0,119
2025-04-27,Product_001,68,231.0,0,79
2025-04-27,Product_002,68,547.0,0,99
2025-04-27,Product_003,68,608.0,1,99
2025-04-27,Product_004,68,250.0,0,79
2025-04-27,Product_005,68,188.0,0,99
2025-04-27,Product_006,68,370.0,0,109
2025-04-27,Product_007,68,140.0,1,119
2025-04-27,Product_008,68,248.0,0,119
2025-04-27,Product_009,68,272.0,0,79
2025-04-27,Product_010,68,375.0,0,99
2025-05-04,Product_001,69,241.0,0,89
2025-05-04,Product_002,69,527.0,0,89
2025-05-04,Product_003,69,470.0,0,99
2025-05-04,Product_004,69,236.0,0,89
2025-05-04,Product_005,69,184.0,0,79
2025-05-04,Product_006,69,476.0,1,79
2025-05-04,Product_007,69,115.0,0,99
2025-05-04,Product_008,69,206.0,0,89
2025-05-04,Product_009,69,228.0,0,79
2025-05-04,Product_010,69,391.0,0,79
2025-05-11,Product_001,70,207.0,0,109
2025-05-11,Product_002,70,583.0,0,109
2025-05-11,Product_003,70,407.0,0,79
2025-05-11,Product_004,70,272.0,0,99
2025-05-11,Product_005,70,198.0,0,119
2025-05-11,Product_006,70,341.0,0,119
2025-05-11,Product_007,70,117.0,0,79
2025-05-11,Product_008,70,241.0,0,79
2025-05-11,Product_009,70,257.0,0,79
2025-05-11,Product_010,70,399.0,0,99
2025-05-18,Product_001,71,233.0,0,109
2025-05-18,Product_002,71,547.0,0,79
2025-05-18,Product_003,71,437.0,0,79
2025-05-18,Product_004,71,235.0,0,89
2025-05-18,Product_005,71,198.0,0,99
2025-05-18,Product_006,71,398.0,1,79
2025-05-18,Product_007,71,130.0,1,89
2025-05-18,Product_008,71,320.0,1,119
2025-05-18,Product_009,71,259.0,0,79
2025-05-18,Product_010,71,370.0,0,79
2025-05-25,Product_001,72,298.0,1,89
2025-05-25,Product_002,72,545.0,0,99
2025-05-25,Product_003,72,429.0,0,79
2025-05-25,Product_004,72,218.0,0,119
2025-05-25,Product_005,72,194.0,0,79
2025-05-25,Product_006,72,413.0,1,119
2025-05-25,Product_007,72,134.0,0,109
2025-05-25,Product_008,72,195.0,0,109
2025-05-25,Product_009,72,273.0,0,119
2025-05-25,Product_010,72,379.0,0,99
2025-06-01,Product_001,73,231.0,0,79
2025-06-01,Product_002,73,552.0,0,79
2025-06-01,Product_003,73,469.0,0,109
2025-06-01,Product_004,73,328.0,1,119
2025-06-01,Product_005,73,151.0,0,79
2025-06-01,Product_006,73,308.0,0,79
2025-06-01,Product_007,73,112.0,0,99
2025-06-01,Product_008,73,227.0,0,89
2025-06-01,Product_009,73,260.0,0,109
2025-06-01,Product_010,73,351.0,0,109
2025-06-08,Product_001,74,227.0,0,89
2025-06-08,Product_002,74,510.0,0,79
2025-06-08,Product_003,74,543.0,1,99
2025-06-08,Product_004,74,200.0,0,99
2025-06-08,Product_005,74,167.0,0,109
2025-06-08,Product_006,74,302.0,0,99
2025-06-08,Product_007,74,103.0,0,89
2025-06-08,Product_008,74,245.0,0,79
2025-06-08,Product_009,74,296.0,1,89
2025-06-08,Product_010,74,538.0,1,119
2025-06-15,Product_001,75,230.0,0,109
2025-06-15,Product_002,75,679.0,1,99
2025-06-15,Product_003,75,407.0,0,119
2025-06-15,Product_004,75,239.0,0,99
2025-06-15,Product_005,75,171.0,0,79
2025-06-15,Product_006,75,425.0,1,79
2025-06-15,Product_007,75,172.0,0,79
2025-06-15,Product_008,75,219.0,0,99
2025-06-15,Product_009,75,266.0,0,119
2025-06-15,Product_010,75,342.0,0,79
2025-06-22,Product_001,76,216.0,0,119
2025-06-22,Product_002,76,710.0,1,99
2025-06-22,Product_003,76,405.0,0,119
2025-06-22,Product_004,76,258.0,0,99
2025-06-22,Product_005,76,252.0,1,99
2025-06-22,Product_006,76,309.0,0,109
2025-06-22,Product_007,76,172.0,1,99
2025-06-22,Product_008,76,237.0,0,99
2025-06-22,Product_009,76,252.0,0,89
2025-06-22,Product_010,76,319.0,0,79
2025-06-29,Product_001,77,259.0,1,109
2025-06-29,Product_002,77,498.0,0,109
2025-06-29,Product_003,77,410.0,0,109
2025-06-29,Product_004,77,231.0,0,89
2025-06-29,Product_005,77,181.0,0,99
2025-06-29,Product_006,77,288.0,0,79
2025-06-29,Product_007,77,125.0,0,119
2025-06-29,Product_008,77,294.0,1,99
2025-06-29,Product_009,77,247.0,0,89
2025-06-29,Product_010,77,367.0,0,99
2025-07-06,Product_001,78,227.0,0,99
2025-07-06,Product_002,78,655.0,1,89
2025-07-06,Product_003,78,403.0,0,109
2025-07-06,Product_004,78,182.0,0,109
2025-07-06,Product_005,78,183.0,0,79
2025-07-06,Product_006,78,314.0,0,79
2025-07-06,Product_007,78,121.0,0,109
2025-07-06,Product_008,78,185.0,0,119
2025-07-06,Product_009,78,211.0,0,99
2025-07-06,Product_010,78,361.0,0,119
2025-07-13,Product_001,79,206.0,0,99
2025-07-13,Product_002,79,500.0,0,109
2025-07-13,Product_003,79,399.0,0,79
2025-07-13,Product_004,79,212.0,0,79
2025-07-13,Product_005,79,190.0,0,119
2025-07-13,Product_006,79,294.0,0,79
2025-07-13,Product_007,79,116.0,0,109
2025-07-13,Product_008,79,198.0,0,119
2025-07-13,Product_009,79,220.0,0,99
2025-07-13,Product_010,79,328.0,0,79
2025-07-20,Product_001,80,208.0,0,89
2025-07-20,Product_002,80,469.0,0,79
2025-07-20,Product_003,80,417.0,0,99
2025-07-20,Product_004,80,190.0,0,119
2025-07-20,Product_005,80,165.0,0,99
2025-07-20,Product_006,80,291.0,0,89
2025-07-20,Product_007,80,141.0,0,109
2025-07-20,Product_008,80,269.0,1,79
2025-07-20,Product_009,80,245.0,0,119
2025-07-20,Product_010,80,299.0,0,109
2025-07-27,Product_001,81,206.0,0,99
2025-07-27,Product_002,81,489.0,0,119
2025-07-27,Product_003,81,387.0,0,109
2025-07-27,Product_004,81,226.0,0,119
2025-07-27,Product_005,81,156.0,0,89
2025-07-27,Product_006,81,420.0,1,89
2025-07-27,Product_007,81,156.0,0,79
2025-07-27,Product_008,81,193.0,0,79
2025-07-27,Product_009,81,212.0,0,89
2025-07-27,Product_010,81,353.0,0,119
2025-08-03,Product_001,82,229.0,0,89
2025-08-03,Product_002,82,453.0,0,79
2025-08-03,Product_003,82,371.0,0,89
2025-08-03,Product_004,82,196.0,0,89
2025-08-03,Product_005,82,137.0,0,119
2025-08-03,Product_006,82,272.0,0,109
2025-08-03,Product_007,82,88.0,0,79
2025-08-03,Product_008,82,237.0,1,119
2025-08-03,Product_009,82,282.0,1,89
2025-08-03,Product_010,82,323.0,0,89
2025-08-10,Product_001,83,225.0,0,109
2025-08-10,Product_002,83,437.0,0,79
2025-08-10,Product_003,83,393.0,0,79
2025-08-10,Product_004,83,252.0,1,99
2025-08-10,Product_005,83,160.0,0,79
2025-08-10,Product_006,83,299.0,0,109
2025-08-10,Product_007,83,84.0,0,99
2025-08-10,Product_008,83,202.0,0,99
2025-08-10,Product_009,83,218.0,0,89
2025-08-10,Product_010,83,420.0,1,89
2025-08-17,Product_001,84,197.0,0,79
2025-08-17,Product_002,84,499.0,0,99
2025-08-17,Product_003,84,462.0,1,89
2025-08-17,Product_004,84,185.0,0,109
2025-08-17,Product_005,84,146.0,0,89
2025-08-17,Product_006,84,271.0,0,89
2025-08-17,Product_007,84,92.0,0,99
2025-08-17,Product_008,84,280.0,1,99
2025-08-17,Product_009,84,240.0,0,119
2025-08-17,Product_010,84,387.0,1,109
2025-08-24,Product_001,85,172.0,0,99
2025-08-24,Product_002,85,590.0,1,79
2025-08-24,Product_003,85,352.0,0,109
2025-08-24,Product_004,85,206.0,0,109
2025-08-24,Product_005,85,161.0,0,99
2025-08-24,Product_006,85,322.0,1,109
2025-08-24,Product_007,85,135.0,0,99
2025-08-24,Product_008,85,225.0,0,89
2025-08-24,Product_009,85,197.0,0,119
2025-08-24,Product_010,85,298.0,0,89
2025-08-31,Product_001,86,251.0,1,99
2025-08-31,Product_002,86,446.0,0,99
2025-08-31,Product_003,86,373.0,0,89
2025-08-31,Product_004,86,231.0,0,79
2025-08-31,Product_005,86,152.0,0,79
2025-08-31,Product_006,86,259.0,0,79
2025-08-31,Product_007,86,75.0,0,99
2025-08-31,Product_008,86,172.0,0,109
2025-08-31,Product_009,86,206.0,0,99
2025-08-31,Product_010,86,338.0,0,109
2025-09-07,Product_001,87,175.0,0,89
2025-09-07,Product_002,87,440.0,0,119
2025-09-07,Product_003,87,356.0,0,109
2025-09-07,Product_004,87,213.0,0,79
2025-09-07,Product_005,87,265.0,1,99
2025-09-07,Product_006,87,341.0,1,89
2025-09-07,Product_007,87,92.0,0,79
2025-09-07,Product_008,87,206.0,0,89
2025-09-07,Product_009,87,283.0,1,119
2025-09-07,Product_010,87,336.0,0,99
2025-09-14,Product_001,88,196.0,0,99
2025-09-14,Product_002,88,426.0,0,119
2025-09-14,Product_003,88,366.0,0,99
2025-09-14,Product_004,88,210.0,0,109
2025-09-14,Product_005,88,169.0,0,89
2025-09-14,Product_006,88,365.0,1,79
2025-09-14,Product_007,88,159.0,1,119
2025-09-14,Product_008,88,207.0,0,109
2025-09-14,Product_009,88,231.0,0,79
2025-09-14,Product_010,88,310.0,0,79
2025-09-21,Product_001,89,180.0,0,119
2025-09-21,Product_002,89,434.0,0,109
2025-09-21,Product_003,89,376.0,0,79
2025-09-21,Product_004,89,222.0,1,79
2025-09-21,Product_005,89,159.0,0,109
2025-09-21,Product_006,89,262.0,0,99
2025-09-21,Product_007,89,131.0,1,79
2025-09-21,Product_008,89,209.0,0,89
2025-09-21,Product_009,89,206.0,0,109
2025-09-21,Product_010,89,297.0,0,79
2025-09-28,Product_001,90,156.0,0,119
2025-09-28,Product_002,90,445.0,0,89
2025-09-28,Product_003,90,364.0,0,79
2025-09-28,Product_004,90,230.0,0,89
2025-09-28,Product_005,90,188.0,1,89
2025-09-28,Product_006,90,274.0,0,99
2025-09-28,Product_007,90,105.0,0,89
2025-09-28,Product_008,90,214.0,0,99
2025-09-28,Product_009,90,200.0,0,109
2025-09-28,Product_010,90,301.0,0,99
2025-10-05,Product_001,91,195.0,0,119
2025-10-05,Product_002,91,434.0,0,79
2025-10-05,Product_003,91,343.0,0,109
2025-10-05,Product_004,91,191.0,0,109
2025-10-05,Product_005,91,173.0,0,119
2025-10-05,Product_006,91,249.0,0,99
2025-10-05,Product_007,91,134.0,1,79
2025-10-05,Product_008,91,169.0,0,99
2025-10-05,Product_009,91,226.0,0,89
2025-10-05,Product_010,91,265.0,0,99
2025-10-12,Product_001,92,172.0,0,109
2025-10-12,Product_002,92,439.0,0,79
2025-10-12,Product_003,92,384.0,0,99
2025-10-12,Product_004,92,186.0,0,79
2025-10-12,Product_005,92,141.0,0,79
2025-10-12,Product_006,92,308.0,0,89
2025-10-12,Product_007,92,72.0,0,89
2025-10-12,Product_008,92,139.0,0,109
2025-10-12,Product_009,92,274.0,1,119
2025-10-12,Product_010,92,286.0,0,79
2025-10-19,Product_001,93,164.0,0,119
2025-10-19,Product_002,93,448.0,0,109
2025-10-19,Product_003,93,360.0,0,79
2025-10-19,Product_004,93,177.0,0,79
2025-10-19,Product_005,93,127.0,0,119
2025-10-19,Product_006,93,289.0,0,99
2025-10-19,Product_007,93,114.0,0,89
2025-10-19,Product_008,93,182.0,0,99
2025-10-19,Product_009,93,241.0,0,119
2025-10-19,Product_010,93,276.0,0,89
2025-10-26,Product_001,94,155.0,0,99
2025-10-26,Product_002,94,423.0,0,89
2025-10-26,Product_003,94,357.0,0,79
2025-10-26,Product_004,94,195.0,0,99
2025-10-26,Product_005,94,149.0,0,89
2025-10-26,Product_006,94,281.0,0,89
2025-10-26,Product_007,94,100.0,1,89
2025-10-26,Product_008,94,215.0,0,99
2025-10-26,Product_009,94,204.0,0,109
2025-10-26,Product_010,94,323.0,0,99
2025-11-02,Product_001,95,195.0,0,119
2025-11-02,Product_002,95,451.0,0,99
2025-11-02,Product_003,95,373.0,0,89
2025-11-02,Product_004,95,261.0,1,79
2025-11-02,Product_005,95,169.0,0,99
2025-11-02,Product_006,95,303.0,0,99
2025-11-02,Product_007,95,139.0,1,89
2025-11-02,Product_008,95,202.0,0,79
2025-11-02,Product_009,95,206.0,0,79
2025-11-02,Product_010,95,332.0,0,119
2025-11-09,Product_001,96,177.0,0,99
2025-11-09,Product_002,96,483.0,0,79
2025-11-09,Product_003,96,474.0,1,79
2025-11-09,Product_004,96,166.0,0,109
2025-11-09,Product_005,96,160.0,0,109
2025-11-09,Product_006,96,266.0,0,79
2025-11-09,Product_007,96,121.0,0,119
2025-11-09,Product_008,96,230.0,1,79
2025-11-09,Product_009,96,201.0,0,89
2025-11-09,Product_010,96,269.0,0,99
2025-11-16,Product_001,97,184.0,0,119
2025-11-16,Product_002,97,405.0,0,89
2025-11-16,Product_003,97,339.0,0,119
2025-11-16,Product_004,97,212.0,0,89
2025-11-16,Product_005,97,176.0,0,99
2025-11-16,Product_006,97,293.0,0,99
2025-11-16,Product_007,97,87.0,0,109
2025-11-16,Product_008,97,192.0,0,89
2025-11-16,Product_009,97,213.0,0,109
2025-11-16,Product_010,97,288.0,0,89
2025-11-23,Product_001,98,226.0,0,109
2025-11-23,Product_002,98,479.0,0,99
2025-11-23,Product_003,98,373.0,0,119
2025-11-23,Product_004,98,201.0,0,109
2025-11-23,Product_005,98,167.0,0,89
2025-11-23,Product_006,98,248.0,0,89
2025-11-23,Product_007,98,134.0,1,99
2025-11-23,Product_008,98,182.0,0,89
2025-11-23,Product_009,98,196.0,0,79
2025-11-23,Product_010,98,311.0,0,119
2025-11-30,Product_001,99,235.0,0,109
2025-11-30,Product_002,99,482.0,0,119
2025-11-30,Product_003,99,372.0,0,99
2025-11-30,Product_004,99,280.0,1,109
2025-11-30,Product_005,99,193.0,0,109
2025-11-30,Product_006,99,406.0,1,79
2025-11-30,Product_007,99,111.0,0,99
2025-11-30,Product_008,99,187.0,0,89
2025-11-30,Product_009,99,304.0,1,79
2025-11-30,Product_010,99,330.0,0,79
2025-12-07,Product_001,100,221.0,0,119
2025-12-07,Product_002,100,491.0,0,119
2025-12-07,Product_003,100,412.0,0,119
2025-12-07,Product_004,100,197.0,0,79
2025-12-07,Product_005,100,195.0,0,89
2025-12-07,Product_006,100,303.0,0,109
2025-12-07,Product_007,100,153.0,0,119
2025-12-07,Product_008,100,189.0,0,89
2025-12-07,Product_009,100,259.0,0,99
2025-12-07,Product_010,100,332.0,0,119
2025-12-14,Product_001,101,194.0,0,109
2025-12-14,Product_002,101,477.0,0,99
2025-12-14,Product_003,101,392.0,0,99
2025-12-14,Product_004,101,220.0,0,109
2025-12-14,Product_005,101,182.0,0,119
2025-12-14,Product_006,101,294.0,0,79
2025-12-14,Product_007,101,113.0,0,109
2025-12-14,Product_008,101,250.0,0,109
2025-12-14,Product_009,101,263.0,0,109
2025-12-14,Product_010,101,343.0,0,99
2025-12-21,Product_001,102,212.0,0,89
2025-12-21,Product_002,102,499.0,0,79
2025-12-21,Product_003,102,419.0,0,119
2025-12-21,Product_004,102,254.0,1,119
2025-12-21,Product_005,102,221.0,1,89
2025-12-21,Product_006,102,278.0,0,109
2025-12-21,Product_007,102,124.0,0,79
2025-12-21,Product_008,102,224.0,0,119
2025-12-21,Product_009,102,224.0,0,119
2025-12-21,Product_010,102,373.0,0,109
2025-12-28,Product_001,103,191.0,0,89
2025-12-28,Product_002,103,478.0,0,79
2025-12-28,Product_003,103,419.0,0,89
2025-12-28,Product_004,103,241.0,0,89
2025-12-28,Product_005,103,212.0,0,79
2025-12-28,Product_006,103,308.0,0,79
2025-12-28,Product_007,103,182.0,1,119
2025-12-28,Product_008,103,215.0,0,119
2025-12-28,Product_009,103,235.0,0,79
2025-12-28,Product_010,103,366.0,0,99
